{
  "Translation": {
    "Z_Axis": {
      "VM1": 0.0,
      "VM2": 0.0,
      "VM3": 0.0,
      "HM1": 1,
      "HM2": -0.5,
      "HM3": -0.5
    },
    "X_Axis": {
      "VM1": 0.8889,
      "VM2": -0.4444,
      "VM3": -0.4444,
      "HM1": 1.0,
      "HM2": -1.0,
      "HM3": 0.0
    },
    "Y_Axis": {
      "VM1": 1.0,
      "VM2": 1.0,
      "VM3": 1.0,
      "HM1": 0.0,
      "HM2": 0.0,
      "HM3": 0.0
    }
  },
  "Rotation": {
    "Z_Axis": {
      "VM1": -1.0,
      "VM2": 0.5,
      "VM3": 0.5,
      "HM1": 0.0,
      "HM2": 0.0,
      "HM3": 0.0
    },
    "X_Axis": {
      "VM1": 0.0,
      "VM2": 1.0,
      "VM3": -1.0,
      "HM1": 0.0,
      "HM2": 0.0,
      "HM3": 0.0
    },
    "Y_Axis": {
      "VM1": 0.0,
      "VM2": -1.0,
      "VM3": 1.0,
      "HM1": 0.866,
      "HM2": 0.866,
      "HM3": 0.866
    }
  }
}