{
  "Translation": {
    "Z_Axis": {
      "VM1": 0.7,
      "VM2": 0.5,
      "VM3": 0.3,
      "HM1": -0.3,
      "HM2": -0.5,
      "HM3": -0.7
    },
    "X_Axis": {
      "VM1": 0.7,
      "VM2": 0.5,
      "VM3": 0.3,
      "HM1": -0.3,
      "HM2": -0.5,
      "HM3": -0.7
    },
    "Y_Axis": {
      "VM1": 0.7,
      "VM2": 0.5,
      "VM3": 0.3,
      "HM1": -0.3,
      "HM2": -0.5,
      "HM3": -0.7
    }
  },
  "Rotation": {
    "Z_Axis": {
      "VM1": 0.7,
      "VM2": 0.5,
      "VM3": 0.3,
      "HM1": -0.3,
      "HM2": -0.5,
      "HM3": -0.7
    },
    "X_Axis": {
      "VM1": 0.7,
      "VM2": 0.5,
      "VM3": 0.3,
      "HM1": -0.3,
      "HM2": -0.5,
      "HM3": -0.7
    },
    "Y_Axis": {
      "VM1": 0.7,
      "VM2": 0.5,
      "VM3": 0.3,
      "HM1": -0.3,
      "HM2": -0.5,
      "HM3": -0.7
    }
  }
}